,Country,Year,Median % Pop,QuintGap,Quintile,average years in school
0,Argentina,2000,8.94%,6.1,Quintile 1,7.1
1,Argentina,2000,8.94%,6.1,Quintile 5,13.2
2,Argentina,2000,8.94%,6.1,Quintile 1,7.1
3,Argentina,2000,8.94%,6.1,Quintile 5,13.2
4,Argentina,2001,8.94%,5.999999999999999,Quintile 1,7.2
5,Argentina,2001,8.94%,5.999999999999999,Quintile 5,13.2
6,Argentina,2001,8.94%,5.999999999999999,Quintile 1,7.2
7,Argentina,2001,8.94%,5.999999999999999,Quintile 5,13.2
8,Argentina,2002,8.94%,6.000000000000001,Quintile 1,7.3
9,Argentina,2002,8.94%,6.000000000000001,Quintile 5,13.3
10,Argentina,2002,8.94%,6.000000000000001,Quintile 1,7.3
11,Argentina,2002,8.94%,6.000000000000001,Quintile 5,13.3
12,Argentina,2003,8.94%,6.000000000000001,Quintile 1,7.3
13,Argentina,2003,8.94%,6.000000000000001,Quintile 5,13.3
14,Argentina,2003,8.94%,6.000000000000001,Quintile 1,7.3
15,Argentina,2003,8.94%,6.000000000000001,Quintile 5,13.3
16,Argentina,2004,8.94%,5.9,Quintile 1,7.6
17,Argentina,2004,8.94%,5.9,Quintile 5,13.5
18,Argentina,2004,8.94%,5.9,Quintile 1,7.6
19,Argentina,2004,8.94%,5.9,Quintile 5,13.5
20,Argentina,2005,8.94%,5.8999999999999995,Quintile 1,7.7
21,Argentina,2005,8.94%,5.8999999999999995,Quintile 5,13.6
22,Argentina,2005,8.94%,5.8999999999999995,Quintile 1,7.7
23,Argentina,2005,8.94%,5.8999999999999995,Quintile 5,13.6
24,Argentina,2006,8.94%,5.999999999999999,Quintile 1,7.7
25,Argentina,2006,8.94%,5.999999999999999,Quintile 5,13.7
26,Argentina,2006,8.94%,5.999999999999999,Quintile 1,7.7
27,Argentina,2006,8.94%,5.999999999999999,Quintile 5,13.7
28,Argentina,2007,8.94%,5.799999999999999,Quintile 1,7.9
29,Argentina,2007,8.94%,5.799999999999999,Quintile 5,13.7
30,Argentina,2007,8.94%,5.799999999999999,Quintile 1,7.9
31,Argentina,2007,8.94%,5.799999999999999,Quintile 5,13.7
32,Argentina,2008,8.94%,5.600000000000001,Quintile 1,8.2
33,Argentina,2008,8.94%,5.600000000000001,Quintile 5,13.8
34,Argentina,2008,8.94%,5.600000000000001,Quintile 1,8.2
35,Argentina,2008,8.94%,5.600000000000001,Quintile 5,13.8
36,Argentina,2009,8.94%,5.600000000000001,Quintile 1,8.2
37,Argentina,2009,8.94%,5.600000000000001,Quintile 5,13.8
38,Argentina,2009,8.94%,5.600000000000001,Quintile 1,8.2
39,Argentina,2009,8.94%,5.600000000000001,Quintile 5,13.8
40,Argentina,2010,8.94%,5.4,Quintile 1,8.5
41,Argentina,2010,8.94%,5.4,Quintile 5,13.9
42,Argentina,2010,8.94%,5.4,Quintile 1,8.5
43,Argentina,2010,8.94%,5.4,Quintile 5,13.9
44,Argentina,2011,8.94%,5.100000000000001,Quintile 1,8.7
45,Argentina,2011,8.94%,5.100000000000001,Quintile 5,13.8
46,Argentina,2011,8.94%,5.100000000000001,Quintile 1,8.7
47,Argentina,2011,8.94%,5.100000000000001,Quintile 5,13.8
48,Argentina,2012,8.94%,5.0,Quintile 1,8.8
49,Argentina,2012,8.94%,5.0,Quintile 5,13.8
50,Argentina,2012,8.94%,5.0,Quintile 1,8.8
51,Argentina,2012,8.94%,5.0,Quintile 5,13.8
52,Argentina,2013,8.94%,4.800000000000001,Quintile 1,9.0
53,Argentina,2013,8.94%,4.800000000000001,Quintile 5,13.8
54,Argentina,2013,8.94%,4.800000000000001,Quintile 1,9.0
55,Argentina,2013,8.94%,4.800000000000001,Quintile 5,13.8
56,Argentina,2014,8.94%,5.1,Quintile 1,8.9
57,Argentina,2014,8.94%,5.1,Quintile 5,14.0
58,Argentina,2014,8.94%,5.1,Quintile 1,8.9
59,Argentina,2014,8.94%,5.1,Quintile 5,14.0
60,Argentina,2015,8.94%,4.800000000000001,Quintile 1,9.0
61,Argentina,2015,8.94%,4.800000000000001,Quintile 5,13.8
62,Argentina,2015,8.94%,4.800000000000001,Quintile 1,9.0
63,Argentina,2015,8.94%,4.800000000000001,Quintile 5,13.8
64,Argentina,2016,8.94%,4.9,Quintile 1,9.1
65,Argentina,2016,8.94%,4.9,Quintile 5,14.0
66,Argentina,2016,8.94%,4.9,Quintile 1,9.1
67,Argentina,2016,8.94%,4.9,Quintile 5,14.0
68,Argentina,2017,8.94%,4.800000000000001,Quintile 1,9.2
69,Argentina,2017,8.94%,4.800000000000001,Quintile 5,14.0
70,Argentina,2017,8.94%,4.800000000000001,Quintile 1,9.2
71,Argentina,2017,8.94%,4.800000000000001,Quintile 5,14.0
72,Argentina,2018,8.94%,4.899999999999999,Quintile 1,9.3
73,Argentina,2018,8.94%,4.899999999999999,Quintile 5,14.2
74,Argentina,2018,8.94%,4.899999999999999,Quintile 1,9.3
75,Argentina,2018,8.94%,4.899999999999999,Quintile 5,14.2
76,Argentina,2019,8.94%,5.0,Quintile 1,9.3
77,Argentina,2019,8.94%,5.0,Quintile 5,14.3
78,Argentina,2019,8.94%,5.0,Quintile 1,9.3
79,Argentina,2019,8.94%,5.0,Quintile 5,14.3
80,Bolivia,2000,19.87%,8.600000000000001,Quintile 1,3.3
81,Bolivia,2000,19.87%,8.600000000000001,Quintile 5,11.9
82,Bolivia,2000,19.87%,8.600000000000001,Quintile 1,3.3
83,Bolivia,2000,19.87%,8.600000000000001,Quintile 5,11.9
84,Bolivia,2001,19.87%,8.3,Quintile 1,3.5
85,Bolivia,2001,19.87%,8.3,Quintile 5,11.8
86,Bolivia,2001,19.87%,8.3,Quintile 1,3.5
87,Bolivia,2001,19.87%,8.3,Quintile 5,11.8
88,Bolivia,2002,19.87%,8.2,Quintile 1,3.3
89,Bolivia,2002,19.87%,8.2,Quintile 5,11.5
90,Bolivia,2002,19.87%,8.2,Quintile 1,3.3
91,Bolivia,2002,19.87%,8.2,Quintile 5,11.5
92,Bolivia,2003,19.87%,8.700000000000001,Quintile 1,3.6
93,Bolivia,2003,19.87%,8.700000000000001,Quintile 5,12.3
94,Bolivia,2003,19.87%,8.700000000000001,Quintile 1,3.6
95,Bolivia,2003,19.87%,8.700000000000001,Quintile 5,12.3
96,Bolivia,2004,19.87%,8.700000000000001,Quintile 1,3.6
97,Bolivia,2004,19.87%,8.700000000000001,Quintile 5,12.3
98,Bolivia,2004,19.87%,8.700000000000001,Quintile 1,3.6
99,Bolivia,2004,19.87%,8.700000000000001,Quintile 5,12.3
100,Bolivia,2005,19.87%,8.700000000000001,Quintile 1,3.6
101,Bolivia,2005,19.87%,8.700000000000001,Quintile 5,12.3
102,Bolivia,2005,19.87%,8.700000000000001,Quintile 1,3.6
103,Bolivia,2005,19.87%,8.700000000000001,Quintile 5,12.3
104,Bolivia,2006,19.87%,9.0,Quintile 1,3.9
105,Bolivia,2006,19.87%,9.0,Quintile 5,12.9
106,Bolivia,2006,19.87%,9.0,Quintile 1,3.9
107,Bolivia,2006,19.87%,9.0,Quintile 5,12.9
108,Bolivia,2007,19.87%,8.600000000000001,Quintile 1,4.2
109,Bolivia,2007,19.87%,8.600000000000001,Quintile 5,12.8
110,Bolivia,2007,19.87%,8.600000000000001,Quintile 1,4.2
111,Bolivia,2007,19.87%,8.600000000000001,Quintile 5,12.8
112,Bolivia,2008,19.87%,8.0,Quintile 1,4.4
113,Bolivia,2008,19.87%,8.0,Quintile 5,12.4
114,Bolivia,2008,19.87%,8.0,Quintile 1,4.4
115,Bolivia,2008,19.87%,8.0,Quintile 5,12.4
116,Bolivia,2009,19.87%,7.9,Quintile 1,4.4
117,Bolivia,2009,19.87%,7.9,Quintile 5,12.3
118,Bolivia,2009,19.87%,7.9,Quintile 1,4.4
119,Bolivia,2009,19.87%,7.9,Quintile 5,12.3
120,Bolivia,2010,19.87%,7.300000000000001,Quintile 1,5.0
121,Bolivia,2010,19.87%,7.300000000000001,Quintile 5,12.3
122,Bolivia,2010,19.87%,7.300000000000001,Quintile 1,5.0
123,Bolivia,2010,19.87%,7.300000000000001,Quintile 5,12.3
124,Bolivia,2011,19.87%,7.300000000000001,Quintile 1,5.0
125,Bolivia,2011,19.87%,7.300000000000001,Quintile 5,12.3
126,Bolivia,2011,19.87%,7.300000000000001,Quintile 1,5.0
127,Bolivia,2011,19.87%,7.300000000000001,Quintile 5,12.3
128,Bolivia,2012,19.87%,7.199999999999999,Quintile 1,5.4
129,Bolivia,2012,19.87%,7.199999999999999,Quintile 5,12.6
130,Bolivia,2012,19.87%,7.199999999999999,Quintile 1,5.4
131,Bolivia,2012,19.87%,7.199999999999999,Quintile 5,12.6
132,Bolivia,2013,19.87%,8.100000000000001,Quintile 1,5.3
133,Bolivia,2013,19.87%,8.100000000000001,Quintile 5,13.4
134,Bolivia,2013,19.87%,8.100000000000001,Quintile 1,5.3
135,Bolivia,2013,19.87%,8.100000000000001,Quintile 5,13.4
136,Bolivia,2014,19.87%,7.6,Quintile 1,5.0
137,Bolivia,2014,19.87%,7.6,Quintile 5,12.6
138,Bolivia,2014,19.87%,7.6,Quintile 1,5.0
139,Bolivia,2014,19.87%,7.6,Quintile 5,12.6
140,Bolivia,2015,19.87%,6.699999999999999,Quintile 1,5.5
141,Bolivia,2015,19.87%,6.699999999999999,Quintile 5,12.2
142,Bolivia,2015,19.87%,6.699999999999999,Quintile 1,5.5
143,Bolivia,2015,19.87%,6.699999999999999,Quintile 5,12.2
144,Bolivia,2016,19.87%,7.5,Quintile 1,5.4
145,Bolivia,2016,19.87%,7.5,Quintile 5,12.9
146,Bolivia,2016,19.87%,7.5,Quintile 1,5.4
147,Bolivia,2016,19.87%,7.5,Quintile 5,12.9
148,Bolivia,2017,19.87%,7.5,Quintile 1,5.4
149,Bolivia,2017,19.87%,7.5,Quintile 5,12.9
150,Bolivia,2017,19.87%,7.5,Quintile 1,5.4
151,Bolivia,2017,19.87%,7.5,Quintile 5,12.9
152,Bolivia,2018,19.87%,7.1000000000000005,Quintile 1,5.8
153,Bolivia,2018,19.87%,7.1000000000000005,Quintile 5,12.9
154,Bolivia,2018,19.87%,7.1000000000000005,Quintile 1,5.8
155,Bolivia,2018,19.87%,7.1000000000000005,Quintile 5,12.9
156,Bolivia,2019,19.87%,6.4,Quintile 1,6.6
157,Bolivia,2019,19.87%,6.4,Quintile 5,13.0
158,Bolivia,2019,19.87%,6.4,Quintile 1,6.6
159,Bolivia,2019,19.87%,6.4,Quintile 5,13.0
160,Brazil,2000,26.35%,7.5,Quintile 1,3.0
161,Brazil,2000,26.35%,7.5,Quintile 5,10.5
162,Brazil,2000,26.35%,7.5,Quintile 1,3.0
163,Brazil,2000,26.35%,7.5,Quintile 5,10.5
164,Brazil,2001,26.35%,7.5,Quintile 1,3.0
165,Brazil,2001,26.35%,7.5,Quintile 5,10.5
166,Brazil,2001,26.35%,7.5,Quintile 1,3.0
167,Brazil,2001,26.35%,7.5,Quintile 5,10.5
168,Brazil,2002,26.35%,7.5,Quintile 1,3.1
169,Brazil,2002,26.35%,7.5,Quintile 5,10.6
170,Brazil,2002,26.35%,7.5,Quintile 1,3.1
171,Brazil,2002,26.35%,7.5,Quintile 5,10.6
172,Brazil,2003,26.35%,7.299999999999999,Quintile 1,3.4
173,Brazil,2003,26.35%,7.299999999999999,Quintile 5,10.7
174,Brazil,2003,26.35%,7.299999999999999,Quintile 1,3.4
175,Brazil,2003,26.35%,7.299999999999999,Quintile 5,10.7
176,Brazil,2004,26.35%,7.300000000000001,Quintile 1,3.5
177,Brazil,2004,26.35%,7.300000000000001,Quintile 5,10.8
178,Brazil,2004,26.35%,7.300000000000001,Quintile 1,3.5
179,Brazil,2004,26.35%,7.300000000000001,Quintile 5,10.8
180,Brazil,2005,26.35%,7.300000000000001,Quintile 1,3.6
181,Brazil,2005,26.35%,7.300000000000001,Quintile 5,10.9
182,Brazil,2005,26.35%,7.300000000000001,Quintile 1,3.6
183,Brazil,2005,26.35%,7.300000000000001,Quintile 5,10.9
184,Brazil,2006,26.35%,7.3,Quintile 1,3.8
185,Brazil,2006,26.35%,7.3,Quintile 5,11.1
186,Brazil,2006,26.35%,7.3,Quintile 1,3.8
187,Brazil,2006,26.35%,7.3,Quintile 5,11.1
188,Brazil,2007,26.35%,7.0,Quintile 1,4.1
189,Brazil,2007,26.35%,7.0,Quintile 5,11.1
190,Brazil,2007,26.35%,7.0,Quintile 1,4.1
191,Brazil,2007,26.35%,7.0,Quintile 5,11.1
192,Brazil,2008,26.35%,6.8999999999999995,Quintile 1,4.3
193,Brazil,2008,26.35%,6.8999999999999995,Quintile 5,11.2
194,Brazil,2008,26.35%,6.8999999999999995,Quintile 1,4.3
195,Brazil,2008,26.35%,6.8999999999999995,Quintile 5,11.2
196,Brazil,2009,26.35%,6.9,Quintile 1,4.5
197,Brazil,2009,26.35%,6.9,Quintile 5,11.4
198,Brazil,2009,26.35%,6.9,Quintile 1,4.5
199,Brazil,2009,26.35%,6.9,Quintile 5,11.4
200,Brazil,2010,26.35%,6.7,Quintile 1,4.8
201,Brazil,2010,26.35%,6.7,Quintile 5,11.5
202,Brazil,2010,26.35%,6.7,Quintile 1,4.8
203,Brazil,2010,26.35%,6.7,Quintile 5,11.5
204,Brazil,2011,26.35%,6.5,Quintile 1,5.1
205,Brazil,2011,26.35%,6.5,Quintile 5,11.6
206,Brazil,2011,26.35%,6.5,Quintile 1,5.1
207,Brazil,2011,26.35%,6.5,Quintile 5,11.6
208,Brazil,2012,26.35%,6.4,Quintile 1,5.4
209,Brazil,2012,26.35%,6.4,Quintile 5,11.8
210,Brazil,2012,26.35%,6.4,Quintile 1,5.4
211,Brazil,2012,26.35%,6.4,Quintile 5,11.8
212,Brazil,2013,26.35%,6.300000000000001,Quintile 1,5.6
213,Brazil,2013,26.35%,6.300000000000001,Quintile 5,11.9
214,Brazil,2013,26.35%,6.300000000000001,Quintile 1,5.6
215,Brazil,2013,26.35%,6.300000000000001,Quintile 5,11.9
216,Brazil,2014,26.35%,6.2,Quintile 1,5.8
217,Brazil,2014,26.35%,6.2,Quintile 5,12.0
218,Brazil,2014,26.35%,6.2,Quintile 1,5.8
219,Brazil,2014,26.35%,6.2,Quintile 5,12.0
220,Brazil,2015,26.35%,6.199999999999999,Quintile 1,5.9
221,Brazil,2015,26.35%,6.199999999999999,Quintile 5,12.1
222,Brazil,2015,26.35%,6.199999999999999,Quintile 1,5.9
223,Brazil,2015,26.35%,6.199999999999999,Quintile 5,12.1
224,Brazil,2016,26.35%,6.7,Quintile 1,5.8
225,Brazil,2016,26.35%,6.7,Quintile 5,12.5
226,Brazil,2016,26.35%,6.7,Quintile 1,5.8
227,Brazil,2016,26.35%,6.7,Quintile 5,12.5
228,Brazil,2017,26.35%,6.4,Quintile 1,6.1
229,Brazil,2017,26.35%,6.4,Quintile 5,12.5
230,Brazil,2017,26.35%,6.4,Quintile 1,6.1
231,Brazil,2017,26.35%,6.4,Quintile 5,12.5
232,Brazil,2018,26.35%,6.499999999999999,Quintile 1,6.2
233,Brazil,2018,26.35%,6.499999999999999,Quintile 5,12.7
234,Brazil,2018,26.35%,6.499999999999999,Quintile 1,6.2
235,Brazil,2018,26.35%,6.499999999999999,Quintile 5,12.7
236,Brazil,2019,26.35%,6.500000000000001,Quintile 1,6.3
237,Brazil,2019,26.35%,6.500000000000001,Quintile 5,12.8
238,Brazil,2019,26.35%,6.500000000000001,Quintile 1,6.3
239,Brazil,2019,26.35%,6.500000000000001,Quintile 5,12.8
240,Chile,2000,24.85%,5.8999999999999995,Quintile 1,7.7
241,Chile,2000,24.85%,5.8999999999999995,Quintile 5,13.6
242,Chile,2000,24.85%,5.8999999999999995,Quintile 1,7.7
243,Chile,2000,24.85%,5.8999999999999995,Quintile 5,13.6
244,Chile,2001,24.85%,5.4,Quintile 1,8.2
245,Chile,2001,24.85%,5.4,Quintile 5,13.6
246,Chile,2001,24.85%,5.4,Quintile 1,8.2
247,Chile,2001,24.85%,5.4,Quintile 5,13.6
248,Chile,2002,24.85%,5.4,Quintile 1,8.2
249,Chile,2002,24.85%,5.4,Quintile 5,13.6
250,Chile,2002,24.85%,5.4,Quintile 1,8.2
251,Chile,2002,24.85%,5.4,Quintile 5,13.6
252,Chile,2003,24.85%,5.4,Quintile 1,8.2
253,Chile,2003,24.85%,5.4,Quintile 5,13.6
254,Chile,2003,24.85%,5.4,Quintile 1,8.2
255,Chile,2003,24.85%,5.4,Quintile 5,13.6
256,Chile,2004,24.85%,5.5,Quintile 1,8.0
257,Chile,2004,24.85%,5.5,Quintile 5,13.5
258,Chile,2004,24.85%,5.5,Quintile 1,8.0
259,Chile,2004,24.85%,5.5,Quintile 5,13.5
260,Chile,2005,24.85%,5.5,Quintile 1,8.0
261,Chile,2005,24.85%,5.5,Quintile 5,13.5
262,Chile,2005,24.85%,5.5,Quintile 1,8.0
263,Chile,2005,24.85%,5.5,Quintile 5,13.5
264,Chile,2006,24.85%,5.5,Quintile 1,8.0
265,Chile,2006,24.85%,5.5,Quintile 5,13.5
266,Chile,2006,24.85%,5.5,Quintile 1,8.0
267,Chile,2006,24.85%,5.5,Quintile 5,13.5
268,Chile,2007,24.85%,5.4,Quintile 1,8.5
269,Chile,2007,24.85%,5.4,Quintile 5,13.9
270,Chile,2007,24.85%,5.4,Quintile 1,8.5
271,Chile,2007,24.85%,5.4,Quintile 5,13.9
272,Chile,2008,24.85%,5.4,Quintile 1,8.5
273,Chile,2008,24.85%,5.4,Quintile 5,13.9
274,Chile,2008,24.85%,5.4,Quintile 1,8.5
275,Chile,2008,24.85%,5.4,Quintile 5,13.9
276,Chile,2009,24.85%,5.4,Quintile 1,8.5
277,Chile,2009,24.85%,5.4,Quintile 5,13.9
278,Chile,2009,24.85%,5.4,Quintile 1,8.5
279,Chile,2009,24.85%,5.4,Quintile 5,13.9
280,Chile,2010,24.85%,5.199999999999999,Quintile 1,8.9
281,Chile,2010,24.85%,5.199999999999999,Quintile 5,14.1
282,Chile,2010,24.85%,5.199999999999999,Quintile 1,8.9
283,Chile,2010,24.85%,5.199999999999999,Quintile 5,14.1
284,Chile,2011,24.85%,5.199999999999999,Quintile 1,8.9
285,Chile,2011,24.85%,5.199999999999999,Quintile 5,14.1
286,Chile,2011,24.85%,5.199999999999999,Quintile 1,8.9
287,Chile,2011,24.85%,5.199999999999999,Quintile 5,14.1
288,Chile,2012,24.85%,5.200000000000001,Quintile 1,9.1
289,Chile,2012,24.85%,5.200000000000001,Quintile 5,14.3
290,Chile,2012,24.85%,5.200000000000001,Quintile 1,9.1
291,Chile,2012,24.85%,5.200000000000001,Quintile 5,14.3
292,Chile,2013,24.85%,5.200000000000001,Quintile 1,9.1
293,Chile,2013,24.85%,5.200000000000001,Quintile 5,14.3
294,Chile,2013,24.85%,5.200000000000001,Quintile 1,9.1
295,Chile,2013,24.85%,5.200000000000001,Quintile 5,14.3
296,Chile,2014,24.85%,5.1,Quintile 1,9.4
297,Chile,2014,24.85%,5.1,Quintile 5,14.5
298,Chile,2014,24.85%,5.1,Quintile 1,9.4
299,Chile,2014,24.85%,5.1,Quintile 5,14.5
300,Chile,2015,24.85%,5.1,Quintile 1,9.4
301,Chile,2015,24.85%,5.1,Quintile 5,14.5
302,Chile,2015,24.85%,5.1,Quintile 1,9.4
303,Chile,2015,24.85%,5.1,Quintile 5,14.5
304,Chile,2016,24.85%,5.0,Quintile 1,9.7
305,Chile,2016,24.85%,5.0,Quintile 5,14.7
306,Chile,2016,24.85%,5.0,Quintile 1,9.7
307,Chile,2016,24.85%,5.0,Quintile 5,14.7
308,Chile,2017,24.85%,5.0,Quintile 1,9.7
309,Chile,2017,24.85%,5.0,Quintile 5,14.7
310,Chile,2017,24.85%,5.0,Quintile 1,9.7
311,Chile,2017,24.85%,5.0,Quintile 5,14.7
312,Chile,2018,24.85%,4.800000000000001,Quintile 1,10.5
313,Chile,2018,24.85%,4.800000000000001,Quintile 5,15.3
314,Chile,2018,24.85%,4.800000000000001,Quintile 1,10.5
315,Chile,2018,24.85%,4.800000000000001,Quintile 5,15.3
316,Chile,2019,24.85%,4.800000000000001,Quintile 1,10.5
317,Chile,2019,24.85%,4.800000000000001,Quintile 5,15.3
318,Chile,2019,24.85%,4.800000000000001,Quintile 1,10.5
319,Chile,2019,24.85%,4.800000000000001,Quintile 5,15.3
320,Colombia,2000,21.34%,5.9,Quintile 1,4.9
321,Colombia,2000,21.34%,5.9,Quintile 5,10.8
322,Colombia,2000,21.34%,5.9,Quintile 1,4.9
323,Colombia,2000,21.34%,5.9,Quintile 5,10.8
324,Colombia,2001,21.34%,5.9,Quintile 1,4.9
325,Colombia,2001,21.34%,5.9,Quintile 5,10.8
326,Colombia,2001,21.34%,5.9,Quintile 1,4.9
327,Colombia,2001,21.34%,5.9,Quintile 5,10.8
328,Colombia,2002,21.34%,7.3,Quintile 1,4.3
329,Colombia,2002,21.34%,7.3,Quintile 5,11.6
330,Colombia,2002,21.34%,7.3,Quintile 1,4.3
331,Colombia,2002,21.34%,7.3,Quintile 5,11.6
332,Colombia,2003,21.34%,7.300000000000001,Quintile 1,4.5
333,Colombia,2003,21.34%,7.300000000000001,Quintile 5,11.8
334,Colombia,2003,21.34%,7.300000000000001,Quintile 1,4.5
335,Colombia,2003,21.34%,7.300000000000001,Quintile 5,11.8
336,Colombia,2004,21.34%,7.3,Quintile 1,4.7
337,Colombia,2004,21.34%,7.3,Quintile 5,12.0
338,Colombia,2004,21.34%,7.3,Quintile 1,4.7
339,Colombia,2004,21.34%,7.3,Quintile 5,12.0
340,Colombia,2005,21.34%,7.6,Quintile 1,4.5
341,Colombia,2005,21.34%,7.6,Quintile 5,12.1
342,Colombia,2005,21.34%,7.6,Quintile 1,4.5
343,Colombia,2005,21.34%,7.6,Quintile 5,12.1
344,Colombia,2006,21.34%,7.6,Quintile 1,4.5
345,Colombia,2006,21.34%,7.6,Quintile 5,12.1
346,Colombia,2006,21.34%,7.6,Quintile 1,4.5
347,Colombia,2006,21.34%,7.6,Quintile 5,12.1
348,Colombia,2007,21.34%,7.6,Quintile 1,4.6
349,Colombia,2007,21.34%,7.6,Quintile 5,12.2
350,Colombia,2007,21.34%,7.6,Quintile 1,4.6
351,Colombia,2007,21.34%,7.6,Quintile 5,12.2
352,Colombia,2008,21.34%,7.499999999999999,Quintile 1,4.7
353,Colombia,2008,21.34%,7.499999999999999,Quintile 5,12.2
354,Colombia,2008,21.34%,7.499999999999999,Quintile 1,4.7
355,Colombia,2008,21.34%,7.499999999999999,Quintile 5,12.2
356,Colombia,2009,21.34%,7.2,Quintile 1,4.7
357,Colombia,2009,21.34%,7.2,Quintile 5,11.9
358,Colombia,2009,21.34%,7.2,Quintile 1,4.7
359,Colombia,2009,21.34%,7.2,Quintile 5,11.9
360,Colombia,2010,21.34%,7.199999999999999,Quintile 1,4.9
361,Colombia,2010,21.34%,7.199999999999999,Quintile 5,12.1
362,Colombia,2010,21.34%,7.199999999999999,Quintile 1,4.9
363,Colombia,2010,21.34%,7.199999999999999,Quintile 5,12.1
364,Colombia,2011,21.34%,7.299999999999999,Quintile 1,4.9
365,Colombia,2011,21.34%,7.299999999999999,Quintile 5,12.2
366,Colombia,2011,21.34%,7.299999999999999,Quintile 1,4.9
367,Colombia,2011,21.34%,7.299999999999999,Quintile 5,12.2
368,Colombia,2012,21.34%,7.1,Quintile 1,5.1
369,Colombia,2012,21.34%,7.1,Quintile 5,12.2
370,Colombia,2012,21.34%,7.1,Quintile 1,5.1
371,Colombia,2012,21.34%,7.1,Quintile 5,12.2
372,Colombia,2013,21.34%,7.1000000000000005,Quintile 1,5.3
373,Colombia,2013,21.34%,7.1000000000000005,Quintile 5,12.4
374,Colombia,2013,21.34%,7.1000000000000005,Quintile 1,5.3
375,Colombia,2013,21.34%,7.1000000000000005,Quintile 5,12.4
376,Colombia,2014,21.34%,7.199999999999999,Quintile 1,5.4
377,Colombia,2014,21.34%,7.199999999999999,Quintile 5,12.6
378,Colombia,2014,21.34%,7.199999999999999,Quintile 1,5.4
379,Colombia,2014,21.34%,7.199999999999999,Quintile 5,12.6
380,Colombia,2015,21.34%,6.9,Quintile 1,5.6
381,Colombia,2015,21.34%,6.9,Quintile 5,12.5
382,Colombia,2015,21.34%,6.9,Quintile 1,5.6
383,Colombia,2015,21.34%,6.9,Quintile 5,12.5
384,Colombia,2016,21.34%,6.699999999999999,Quintile 1,5.9
385,Colombia,2016,21.34%,6.699999999999999,Quintile 5,12.6
386,Colombia,2016,21.34%,6.699999999999999,Quintile 1,5.9
387,Colombia,2016,21.34%,6.699999999999999,Quintile 5,12.6
388,Colombia,2017,21.34%,6.5,Quintile 1,6.1
389,Colombia,2017,21.34%,6.5,Quintile 5,12.6
390,Colombia,2017,21.34%,6.5,Quintile 1,6.1
391,Colombia,2017,21.34%,6.5,Quintile 5,12.6
392,Colombia,2018,21.34%,6.499999999999999,Quintile 1,6.2
393,Colombia,2018,21.34%,6.499999999999999,Quintile 5,12.7
394,Colombia,2018,21.34%,6.499999999999999,Quintile 1,6.2
395,Colombia,2018,21.34%,6.499999999999999,Quintile 5,12.7
396,Colombia,2019,21.34%,6.4,Quintile 1,6.4
397,Colombia,2019,21.34%,6.4,Quintile 5,12.8
398,Colombia,2019,21.34%,6.4,Quintile 1,6.4
399,Colombia,2019,21.34%,6.4,Quintile 5,12.8
400,Costa Rica,2000,3.67%,5.799999999999999,Quintile 1,4.9
401,Costa Rica,2000,3.67%,5.799999999999999,Quintile 5,10.7
402,Costa Rica,2000,3.67%,5.799999999999999,Quintile 1,4.9
403,Costa Rica,2000,3.67%,5.799999999999999,Quintile 5,10.7
404,Costa Rica,2001,3.67%,6.699999999999999,Quintile 1,5.0
405,Costa Rica,2001,3.67%,6.699999999999999,Quintile 5,11.7
406,Costa Rica,2001,3.67%,6.699999999999999,Quintile 1,5.0
407,Costa Rica,2001,3.67%,6.699999999999999,Quintile 5,11.7
408,Costa Rica,2002,3.67%,6.800000000000001,Quintile 1,5.0
409,Costa Rica,2002,3.67%,6.800000000000001,Quintile 5,11.8
410,Costa Rica,2002,3.67%,6.800000000000001,Quintile 1,5.0
411,Costa Rica,2002,3.67%,6.800000000000001,Quintile 5,11.8
412,Costa Rica,2003,3.67%,6.800000000000001,Quintile 1,5.1
413,Costa Rica,2003,3.67%,6.800000000000001,Quintile 5,11.9
414,Costa Rica,2003,3.67%,6.800000000000001,Quintile 1,5.1
415,Costa Rica,2003,3.67%,6.800000000000001,Quintile 5,11.9
416,Costa Rica,2004,3.67%,6.7,Quintile 1,5.2
417,Costa Rica,2004,3.67%,6.7,Quintile 5,11.9
418,Costa Rica,2004,3.67%,6.7,Quintile 1,5.2
419,Costa Rica,2004,3.67%,6.7,Quintile 5,11.9
420,Costa Rica,2005,3.67%,6.699999999999999,Quintile 1,5.4
421,Costa Rica,2005,3.67%,6.699999999999999,Quintile 5,12.1
422,Costa Rica,2005,3.67%,6.699999999999999,Quintile 1,5.4
423,Costa Rica,2005,3.67%,6.699999999999999,Quintile 5,12.1
424,Costa Rica,2006,3.67%,7.000000000000001,Quintile 1,5.3
425,Costa Rica,2006,3.67%,7.000000000000001,Quintile 5,12.3
426,Costa Rica,2006,3.67%,7.000000000000001,Quintile 1,5.3
427,Costa Rica,2006,3.67%,7.000000000000001,Quintile 5,12.3
428,Costa Rica,2007,3.67%,6.9,Quintile 1,5.6
429,Costa Rica,2007,3.67%,6.9,Quintile 5,12.5
430,Costa Rica,2007,3.67%,6.9,Quintile 1,5.6
431,Costa Rica,2007,3.67%,6.9,Quintile 5,12.5
432,Costa Rica,2008,3.67%,7.0,Quintile 1,5.5
433,Costa Rica,2008,3.67%,7.0,Quintile 5,12.5
434,Costa Rica,2008,3.67%,7.0,Quintile 1,5.5
435,Costa Rica,2008,3.67%,7.0,Quintile 5,12.5
436,Costa Rica,2009,3.67%,7.1000000000000005,Quintile 1,5.7
437,Costa Rica,2009,3.67%,7.1000000000000005,Quintile 5,12.8
438,Costa Rica,2009,3.67%,7.1000000000000005,Quintile 1,5.7
439,Costa Rica,2009,3.67%,7.1000000000000005,Quintile 5,12.8
440,Costa Rica,2010,3.67%,7.1000000000000005,Quintile 1,5.8
441,Costa Rica,2010,3.67%,7.1000000000000005,Quintile 5,12.9
442,Costa Rica,2010,3.67%,7.1000000000000005,Quintile 1,5.8
443,Costa Rica,2010,3.67%,7.1000000000000005,Quintile 5,12.9
444,Costa Rica,2011,3.67%,7.3,Quintile 1,5.8
445,Costa Rica,2011,3.67%,7.3,Quintile 5,13.1
446,Costa Rica,2011,3.67%,7.3,Quintile 1,5.8
447,Costa Rica,2011,3.67%,7.3,Quintile 5,13.1
448,Costa Rica,2012,3.67%,7.199999999999999,Quintile 1,5.9
449,Costa Rica,2012,3.67%,7.199999999999999,Quintile 5,13.1
450,Costa Rica,2012,3.67%,7.199999999999999,Quintile 1,5.9
451,Costa Rica,2012,3.67%,7.199999999999999,Quintile 5,13.1
452,Costa Rica,2013,3.67%,6.9,Quintile 1,6.1
453,Costa Rica,2013,3.67%,6.9,Quintile 5,13.0
454,Costa Rica,2013,3.67%,6.9,Quintile 1,6.1
455,Costa Rica,2013,3.67%,6.9,Quintile 5,13.0
456,Costa Rica,2014,3.67%,7.1,Quintile 1,6.0
457,Costa Rica,2014,3.67%,7.1,Quintile 5,13.1
458,Costa Rica,2014,3.67%,7.1,Quintile 1,6.0
459,Costa Rica,2014,3.67%,7.1,Quintile 5,13.1
460,Costa Rica,2015,3.67%,7.0,Quintile 1,6.1
461,Costa Rica,2015,3.67%,7.0,Quintile 5,13.1
462,Costa Rica,2015,3.67%,7.0,Quintile 1,6.1
463,Costa Rica,2015,3.67%,7.0,Quintile 5,13.1
464,Costa Rica,2016,3.67%,7.0,Quintile 1,5.9
465,Costa Rica,2016,3.67%,7.0,Quintile 5,12.9
466,Costa Rica,2016,3.67%,7.0,Quintile 1,5.9
467,Costa Rica,2016,3.67%,7.0,Quintile 5,12.9
468,Costa Rica,2017,3.67%,6.7,Quintile 1,6.2
469,Costa Rica,2017,3.67%,6.7,Quintile 5,12.9
470,Costa Rica,2017,3.67%,6.7,Quintile 1,6.2
471,Costa Rica,2017,3.67%,6.7,Quintile 5,12.9
472,Costa Rica,2018,3.67%,6.2,Quintile 1,6.3
473,Costa Rica,2018,3.67%,6.2,Quintile 5,12.5
474,Costa Rica,2018,3.67%,6.2,Quintile 1,6.3
475,Costa Rica,2018,3.67%,6.2,Quintile 5,12.5
476,Costa Rica,2019,3.67%,6.3999999999999995,Quintile 1,6.3
477,Costa Rica,2019,3.67%,6.3999999999999995,Quintile 5,12.7
478,Costa Rica,2019,3.67%,6.3999999999999995,Quintile 1,6.3
479,Costa Rica,2019,3.67%,6.3999999999999995,Quintile 5,12.7
480,Dominican Republic,2000,35.59%,6.299999999999999,Quintile 1,4.4
481,Dominican Republic,2000,35.59%,6.299999999999999,Quintile 5,10.7
482,Dominican Republic,2000,35.59%,6.299999999999999,Quintile 1,4.4
483,Dominican Republic,2000,35.59%,6.299999999999999,Quintile 5,10.7
484,Dominican Republic,2001,35.59%,6.1,Quintile 1,4.6
485,Dominican Republic,2001,35.59%,6.1,Quintile 5,10.7
486,Dominican Republic,2001,35.59%,6.1,Quintile 1,4.6
487,Dominican Republic,2001,35.59%,6.1,Quintile 5,10.7
488,Dominican Republic,2002,35.59%,6.699999999999999,Quintile 1,4.4
489,Dominican Republic,2002,35.59%,6.699999999999999,Quintile 5,11.1
490,Dominican Republic,2002,35.59%,6.699999999999999,Quintile 1,4.4
491,Dominican Republic,2002,35.59%,6.699999999999999,Quintile 5,11.1
492,Dominican Republic,2003,35.59%,6.4,Quintile 1,4.9
493,Dominican Republic,2003,35.59%,6.4,Quintile 5,11.3
494,Dominican Republic,2003,35.59%,6.4,Quintile 1,4.9
495,Dominican Republic,2003,35.59%,6.4,Quintile 5,11.3
496,Dominican Republic,2004,35.59%,6.1000000000000005,Quintile 1,5.3
497,Dominican Republic,2004,35.59%,6.1000000000000005,Quintile 5,11.4
498,Dominican Republic,2004,35.59%,6.1000000000000005,Quintile 1,5.3
499,Dominican Republic,2004,35.59%,6.1000000000000005,Quintile 5,11.4
500,Dominican Republic,2005,35.59%,5.6,Quintile 1,5.5
501,Dominican Republic,2005,35.59%,5.6,Quintile 5,11.1
502,Dominican Republic,2005,35.59%,5.6,Quintile 1,5.5
503,Dominican Republic,2005,35.59%,5.6,Quintile 5,11.1
504,Dominican Republic,2006,35.59%,6.2,Quintile 1,5.3
505,Dominican Republic,2006,35.59%,6.2,Quintile 5,11.5
506,Dominican Republic,2006,35.59%,6.2,Quintile 1,5.3
507,Dominican Republic,2006,35.59%,6.2,Quintile 5,11.5
508,Dominican Republic,2007,35.59%,5.7,Quintile 1,5.8
509,Dominican Republic,2007,35.59%,5.7,Quintile 5,11.5
510,Dominican Republic,2007,35.59%,5.7,Quintile 1,5.8
511,Dominican Republic,2007,35.59%,5.7,Quintile 5,11.5
512,Dominican Republic,2008,35.59%,6.000000000000001,Quintile 1,5.8
513,Dominican Republic,2008,35.59%,6.000000000000001,Quintile 5,11.8
514,Dominican Republic,2008,35.59%,6.000000000000001,Quintile 1,5.8
515,Dominican Republic,2008,35.59%,6.000000000000001,Quintile 5,11.8
516,Dominican Republic,2009,35.59%,6.1000000000000005,Quintile 1,5.8
517,Dominican Republic,2009,35.59%,6.1000000000000005,Quintile 5,11.9
518,Dominican Republic,2009,35.59%,6.1000000000000005,Quintile 1,5.8
519,Dominican Republic,2009,35.59%,6.1000000000000005,Quintile 5,11.9
520,Dominican Republic,2010,35.59%,5.9,Quintile 1,5.9
521,Dominican Republic,2010,35.59%,5.9,Quintile 5,11.8
522,Dominican Republic,2010,35.59%,5.9,Quintile 1,5.9
523,Dominican Republic,2010,35.59%,5.9,Quintile 5,11.8
524,Dominican Republic,2011,35.59%,5.6,Quintile 1,6.4
525,Dominican Republic,2011,35.59%,5.6,Quintile 5,12.0
526,Dominican Republic,2011,35.59%,5.6,Quintile 1,6.4
527,Dominican Republic,2011,35.59%,5.6,Quintile 5,12.0
528,Dominican Republic,2012,35.59%,5.6,Quintile 1,6.5
529,Dominican Republic,2012,35.59%,5.6,Quintile 5,12.1
530,Dominican Republic,2012,35.59%,5.6,Quintile 1,6.5
531,Dominican Republic,2012,35.59%,5.6,Quintile 5,12.1
532,Dominican Republic,2013,35.59%,5.699999999999999,Quintile 1,6.5
533,Dominican Republic,2013,35.59%,5.699999999999999,Quintile 5,12.2
534,Dominican Republic,2013,35.59%,5.699999999999999,Quintile 1,6.5
535,Dominican Republic,2013,35.59%,5.699999999999999,Quintile 5,12.2
536,Dominican Republic,2014,35.59%,5.699999999999999,Quintile 1,6.5
537,Dominican Republic,2014,35.59%,5.699999999999999,Quintile 5,12.2
538,Dominican Republic,2014,35.59%,5.699999999999999,Quintile 1,6.5
539,Dominican Republic,2014,35.59%,5.699999999999999,Quintile 5,12.2
540,Dominican Republic,2015,35.59%,5.5,Quintile 1,6.9
541,Dominican Republic,2015,35.59%,5.5,Quintile 5,12.4
542,Dominican Republic,2015,35.59%,5.5,Quintile 1,6.9
543,Dominican Republic,2015,35.59%,5.5,Quintile 5,12.4
544,Dominican Republic,2016,35.59%,5.5,Quintile 1,7.1
545,Dominican Republic,2016,35.59%,5.5,Quintile 5,12.6
546,Dominican Republic,2016,35.59%,5.5,Quintile 1,7.1
547,Dominican Republic,2016,35.59%,5.5,Quintile 5,12.6
548,Dominican Republic,2017,35.59%,4.300000000000001,Quintile 1,7.5
549,Dominican Republic,2017,35.59%,4.300000000000001,Quintile 5,11.8
550,Dominican Republic,2017,35.59%,4.300000000000001,Quintile 1,7.5
551,Dominican Republic,2017,35.59%,4.300000000000001,Quintile 5,11.8
552,Dominican Republic,2018,35.59%,4.6,Quintile 1,7.5
553,Dominican Republic,2018,35.59%,4.6,Quintile 5,12.1
554,Dominican Republic,2018,35.59%,4.6,Quintile 1,7.5
555,Dominican Republic,2018,35.59%,4.6,Quintile 5,12.1
556,Dominican Republic,2019,35.59%,4.6,Quintile 1,7.9
557,Dominican Republic,2019,35.59%,4.6,Quintile 5,12.5
558,Dominican Republic,2019,35.59%,4.6,Quintile 1,7.9
559,Dominican Republic,2019,35.59%,4.6,Quintile 5,12.5
560,Ecuador,2000,8.55%,6.8999999999999995,Quintile 1,4.8
561,Ecuador,2000,8.55%,6.8999999999999995,Quintile 5,11.7
562,Ecuador,2000,8.55%,6.8999999999999995,Quintile 1,4.8
563,Ecuador,2000,8.55%,6.8999999999999995,Quintile 5,11.7
564,Ecuador,2001,8.55%,6.800000000000001,Quintile 1,5.0
565,Ecuador,2001,8.55%,6.800000000000001,Quintile 5,11.8
566,Ecuador,2001,8.55%,6.800000000000001,Quintile 1,5.0
567,Ecuador,2001,8.55%,6.800000000000001,Quintile 5,11.8
568,Ecuador,2002,8.55%,6.8,Quintile 1,5.2
569,Ecuador,2002,8.55%,6.8,Quintile 5,12.0
570,Ecuador,2002,8.55%,6.8,Quintile 1,5.2
571,Ecuador,2002,8.55%,6.8,Quintile 5,12.0
572,Ecuador,2003,8.55%,6.699999999999999,Quintile 1,5.4
573,Ecuador,2003,8.55%,6.699999999999999,Quintile 5,12.1
574,Ecuador,2003,8.55%,6.699999999999999,Quintile 1,5.4
575,Ecuador,2003,8.55%,6.699999999999999,Quintile 5,12.1
576,Ecuador,2004,8.55%,6.800000000000001,Quintile 1,5.6
577,Ecuador,2004,8.55%,6.800000000000001,Quintile 5,12.4
578,Ecuador,2004,8.55%,6.800000000000001,Quintile 1,5.6
579,Ecuador,2004,8.55%,6.800000000000001,Quintile 5,12.4
580,Ecuador,2005,8.55%,7.1,Quintile 1,5.4
581,Ecuador,2005,8.55%,7.1,Quintile 5,12.5
582,Ecuador,2005,8.55%,7.1,Quintile 1,5.4
583,Ecuador,2005,8.55%,7.1,Quintile 5,12.5
584,Ecuador,2006,8.55%,7.2,Quintile 1,5.3
585,Ecuador,2006,8.55%,7.2,Quintile 5,12.5
586,Ecuador,2006,8.55%,7.2,Quintile 1,5.3
587,Ecuador,2006,8.55%,7.2,Quintile 5,12.5
588,Ecuador,2007,8.55%,6.7,Quintile 1,5.8
589,Ecuador,2007,8.55%,6.7,Quintile 5,12.5
590,Ecuador,2007,8.55%,6.7,Quintile 1,5.8
591,Ecuador,2007,8.55%,6.7,Quintile 5,12.5
592,Ecuador,2008,8.55%,6.800000000000001,Quintile 1,5.6
593,Ecuador,2008,8.55%,6.800000000000001,Quintile 5,12.4
594,Ecuador,2008,8.55%,6.800000000000001,Quintile 1,5.6
595,Ecuador,2008,8.55%,6.800000000000001,Quintile 5,12.4
596,Ecuador,2009,8.55%,6.199999999999999,Quintile 1,6.0
597,Ecuador,2009,8.55%,6.199999999999999,Quintile 5,12.2
598,Ecuador,2009,8.55%,6.199999999999999,Quintile 1,6.0
599,Ecuador,2009,8.55%,6.199999999999999,Quintile 5,12.2
600,Ecuador,2010,8.55%,6.4,Quintile 1,6.1
601,Ecuador,2010,8.55%,6.4,Quintile 5,12.5
602,Ecuador,2010,8.55%,6.4,Quintile 1,6.1
603,Ecuador,2010,8.55%,6.4,Quintile 5,12.5
604,Ecuador,2011,8.55%,6.200000000000001,Quintile 1,6.1
605,Ecuador,2011,8.55%,6.200000000000001,Quintile 5,12.3
606,Ecuador,2011,8.55%,6.200000000000001,Quintile 1,6.1
607,Ecuador,2011,8.55%,6.200000000000001,Quintile 5,12.3
608,Ecuador,2012,8.55%,6.300000000000001,Quintile 1,6.1
609,Ecuador,2012,8.55%,6.300000000000001,Quintile 5,12.4
610,Ecuador,2012,8.55%,6.300000000000001,Quintile 1,6.1
611,Ecuador,2012,8.55%,6.300000000000001,Quintile 5,12.4
612,Ecuador,2013,8.55%,6.300000000000001,Quintile 1,6.5
613,Ecuador,2013,8.55%,6.300000000000001,Quintile 5,12.8
614,Ecuador,2013,8.55%,6.300000000000001,Quintile 1,6.5
615,Ecuador,2013,8.55%,6.300000000000001,Quintile 5,12.8
616,Ecuador,2014,8.55%,5.7,Quintile 1,6.7
617,Ecuador,2014,8.55%,5.7,Quintile 5,12.4
618,Ecuador,2014,8.55%,5.7,Quintile 1,6.7
619,Ecuador,2014,8.55%,5.7,Quintile 5,12.4
620,Ecuador,2015,8.55%,5.800000000000001,Quintile 1,7.0
621,Ecuador,2015,8.55%,5.800000000000001,Quintile 5,12.8
622,Ecuador,2015,8.55%,5.800000000000001,Quintile 1,7.0
623,Ecuador,2015,8.55%,5.800000000000001,Quintile 5,12.8
624,Ecuador,2016,8.55%,5.6,Quintile 1,7.1
625,Ecuador,2016,8.55%,5.6,Quintile 5,12.7
626,Ecuador,2016,8.55%,5.6,Quintile 1,7.1
627,Ecuador,2016,8.55%,5.6,Quintile 5,12.7
628,Ecuador,2017,8.55%,5.700000000000001,Quintile 1,7.1
629,Ecuador,2017,8.55%,5.700000000000001,Quintile 5,12.8
630,Ecuador,2017,8.55%,5.700000000000001,Quintile 1,7.1
631,Ecuador,2017,8.55%,5.700000000000001,Quintile 5,12.8
632,Ecuador,2018,8.55%,6.1000000000000005,Quintile 1,6.7
633,Ecuador,2018,8.55%,6.1000000000000005,Quintile 5,12.8
634,Ecuador,2018,8.55%,6.1000000000000005,Quintile 1,6.7
635,Ecuador,2018,8.55%,6.1000000000000005,Quintile 5,12.8
636,Ecuador,2019,8.55%,6.0,Quintile 1,7.0
637,Ecuador,2019,8.55%,6.0,Quintile 5,13.0
638,Ecuador,2019,8.55%,6.0,Quintile 1,7.0
639,Ecuador,2019,8.55%,6.0,Quintile 5,13.0
640,Honduras,2000,9.89%,6.2,Quintile 1,2.8
641,Honduras,2000,9.89%,6.2,Quintile 5,9.0
642,Honduras,2000,9.89%,6.2,Quintile 1,2.8
643,Honduras,2000,9.89%,6.2,Quintile 5,9.0
644,Honduras,2001,9.89%,6.800000000000001,Quintile 1,2.6
645,Honduras,2001,9.89%,6.800000000000001,Quintile 5,9.4
646,Honduras,2001,9.89%,6.800000000000001,Quintile 1,2.6
647,Honduras,2001,9.89%,6.800000000000001,Quintile 5,9.4
648,Honduras,2002,9.89%,6.6,Quintile 1,2.4
649,Honduras,2002,9.89%,6.6,Quintile 5,9.0
650,Honduras,2002,9.89%,6.6,Quintile 1,2.4
651,Honduras,2002,9.89%,6.6,Quintile 5,9.0
652,Honduras,2003,9.89%,5.999999999999999,Quintile 1,2.7
653,Honduras,2003,9.89%,5.999999999999999,Quintile 5,8.7
654,Honduras,2003,9.89%,5.999999999999999,Quintile 1,2.7
655,Honduras,2003,9.89%,5.999999999999999,Quintile 5,8.7
656,Honduras,2004,9.89%,6.6000000000000005,Quintile 1,2.8
657,Honduras,2004,9.89%,6.6000000000000005,Quintile 5,9.4
658,Honduras,2004,9.89%,6.6000000000000005,Quintile 1,2.8
659,Honduras,2004,9.89%,6.6000000000000005,Quintile 5,9.4
660,Honduras,2005,9.89%,6.8,Quintile 1,2.7
661,Honduras,2005,9.89%,6.8,Quintile 5,9.5
662,Honduras,2005,9.89%,6.8,Quintile 1,2.7
663,Honduras,2005,9.89%,6.8,Quintile 5,9.5
664,Honduras,2006,9.89%,6.8,Quintile 1,2.8
665,Honduras,2006,9.89%,6.8,Quintile 5,9.6
666,Honduras,2006,9.89%,6.8,Quintile 1,2.8
667,Honduras,2006,9.89%,6.8,Quintile 5,9.6
668,Honduras,2007,9.89%,6.6,Quintile 1,2.9
669,Honduras,2007,9.89%,6.6,Quintile 5,9.5
670,Honduras,2007,9.89%,6.6,Quintile 1,2.9
671,Honduras,2007,9.89%,6.6,Quintile 5,9.5
672,Honduras,2008,9.89%,6.9,Quintile 1,2.9
673,Honduras,2008,9.89%,6.9,Quintile 5,9.8
674,Honduras,2008,9.89%,6.9,Quintile 1,2.9
675,Honduras,2008,9.89%,6.9,Quintile 5,9.8
676,Honduras,2009,9.89%,7.000000000000001,Quintile 1,2.8
677,Honduras,2009,9.89%,7.000000000000001,Quintile 5,9.8
678,Honduras,2009,9.89%,7.000000000000001,Quintile 1,2.8
679,Honduras,2009,9.89%,7.000000000000001,Quintile 5,9.8
680,Honduras,2010,9.89%,6.9,Quintile 1,3.1
681,Honduras,2010,9.89%,6.9,Quintile 5,10.0
682,Honduras,2010,9.89%,6.9,Quintile 1,3.1
683,Honduras,2010,9.89%,6.9,Quintile 5,10.0
684,Honduras,2011,9.89%,6.199999999999999,Quintile 1,3.5
685,Honduras,2011,9.89%,6.199999999999999,Quintile 5,9.7
686,Honduras,2011,9.89%,6.199999999999999,Quintile 1,3.5
687,Honduras,2011,9.89%,6.199999999999999,Quintile 5,9.7
688,Honduras,2012,9.89%,6.0,Quintile 1,3.6
689,Honduras,2012,9.89%,6.0,Quintile 5,9.6
690,Honduras,2012,9.89%,6.0,Quintile 1,3.6
691,Honduras,2012,9.89%,6.0,Quintile 5,9.6
692,Honduras,2013,9.89%,6.800000000000001,Quintile 1,3.5
693,Honduras,2013,9.89%,6.800000000000001,Quintile 5,10.3
694,Honduras,2013,9.89%,6.800000000000001,Quintile 1,3.5
695,Honduras,2013,9.89%,6.800000000000001,Quintile 5,10.3
696,Honduras,2014,9.89%,6.8,Quintile 1,3.7
697,Honduras,2014,9.89%,6.8,Quintile 5,10.5
698,Honduras,2014,9.89%,6.8,Quintile 1,3.7
699,Honduras,2014,9.89%,6.8,Quintile 5,10.5
700,Honduras,2015,9.89%,6.500000000000001,Quintile 1,3.8
701,Honduras,2015,9.89%,6.500000000000001,Quintile 5,10.3
702,Honduras,2015,9.89%,6.500000000000001,Quintile 1,3.8
703,Honduras,2015,9.89%,6.500000000000001,Quintile 5,10.3
704,Honduras,2016,9.89%,7.0,Quintile 1,3.9
705,Honduras,2016,9.89%,7.0,Quintile 5,10.9
706,Honduras,2016,9.89%,7.0,Quintile 1,3.9
707,Honduras,2016,9.89%,7.0,Quintile 5,10.9
708,Honduras,2017,9.89%,6.699999999999999,Quintile 1,3.9
709,Honduras,2017,9.89%,6.699999999999999,Quintile 5,10.6
710,Honduras,2017,9.89%,6.699999999999999,Quintile 1,3.9
711,Honduras,2017,9.89%,6.699999999999999,Quintile 5,10.6
712,Honduras,2018,9.89%,6.6,Quintile 1,4.1
713,Honduras,2018,9.89%,6.6,Quintile 5,10.7
714,Honduras,2018,9.89%,6.6,Quintile 1,4.1
715,Honduras,2018,9.89%,6.6,Quintile 5,10.7
716,Honduras,2019,9.89%,6.8999999999999995,Quintile 1,4.2
717,Honduras,2019,9.89%,6.8999999999999995,Quintile 5,11.1
718,Honduras,2019,9.89%,6.8999999999999995,Quintile 1,4.2
719,Honduras,2019,9.89%,6.8999999999999995,Quintile 5,11.1
720,Mexico,2000,23.43%,8.5,Quintile 1,3.6
721,Mexico,2000,23.43%,8.5,Quintile 5,12.1
722,Mexico,2000,23.43%,8.5,Quintile 1,3.6
723,Mexico,2000,23.43%,8.5,Quintile 5,12.1
724,Mexico,2001,23.43%,8.3,Quintile 1,3.7
725,Mexico,2001,23.43%,8.3,Quintile 5,12.0
726,Mexico,2001,23.43%,8.3,Quintile 1,3.7
727,Mexico,2001,23.43%,8.3,Quintile 5,12.0
728,Mexico,2002,23.43%,8.2,Quintile 1,3.8
729,Mexico,2002,23.43%,8.2,Quintile 5,12.0
730,Mexico,2002,23.43%,8.2,Quintile 1,3.8
731,Mexico,2002,23.43%,8.2,Quintile 5,12.0
732,Mexico,2003,23.43%,7.9,Quintile 1,4.1
733,Mexico,2003,23.43%,7.9,Quintile 5,12.0
734,Mexico,2003,23.43%,7.9,Quintile 1,4.1
735,Mexico,2003,23.43%,7.9,Quintile 5,12.0
736,Mexico,2004,23.43%,7.6,Quintile 1,4.4
737,Mexico,2004,23.43%,7.6,Quintile 5,12.0
738,Mexico,2004,23.43%,7.6,Quintile 1,4.4
739,Mexico,2004,23.43%,7.6,Quintile 5,12.0
740,Mexico,2005,23.43%,7.699999999999999,Quintile 1,4.4
741,Mexico,2005,23.43%,7.699999999999999,Quintile 5,12.1
742,Mexico,2005,23.43%,7.699999999999999,Quintile 1,4.4
743,Mexico,2005,23.43%,7.699999999999999,Quintile 5,12.1
744,Mexico,2006,23.43%,7.500000000000001,Quintile 1,4.8
745,Mexico,2006,23.43%,7.500000000000001,Quintile 5,12.3
746,Mexico,2006,23.43%,7.500000000000001,Quintile 1,4.8
747,Mexico,2006,23.43%,7.500000000000001,Quintile 5,12.3
748,Mexico,2007,23.43%,7.299999999999999,Quintile 1,4.9
749,Mexico,2007,23.43%,7.299999999999999,Quintile 5,12.2
750,Mexico,2007,23.43%,7.299999999999999,Quintile 1,4.9
751,Mexico,2007,23.43%,7.299999999999999,Quintile 5,12.2
752,Mexico,2008,23.43%,7.0,Quintile 1,5.1
753,Mexico,2008,23.43%,7.0,Quintile 5,12.1
754,Mexico,2008,23.43%,7.0,Quintile 1,5.1
755,Mexico,2008,23.43%,7.0,Quintile 5,12.1
756,Mexico,2009,23.43%,7.2,Quintile 1,5.2
757,Mexico,2009,23.43%,7.2,Quintile 5,12.4
758,Mexico,2009,23.43%,7.2,Quintile 1,5.2
759,Mexico,2009,23.43%,7.2,Quintile 5,12.4
760,Mexico,2010,23.43%,7.299999999999999,Quintile 1,5.4
761,Mexico,2010,23.43%,7.299999999999999,Quintile 5,12.7
762,Mexico,2010,23.43%,7.299999999999999,Quintile 1,5.4
763,Mexico,2010,23.43%,7.299999999999999,Quintile 5,12.7
764,Mexico,2011,23.43%,7.0,Quintile 1,5.6
765,Mexico,2011,23.43%,7.0,Quintile 5,12.6
766,Mexico,2011,23.43%,7.0,Quintile 1,5.6
767,Mexico,2011,23.43%,7.0,Quintile 5,12.6
768,Mexico,2012,23.43%,6.8,Quintile 1,5.8
769,Mexico,2012,23.43%,6.8,Quintile 5,12.6
770,Mexico,2012,23.43%,6.8,Quintile 1,5.8
771,Mexico,2012,23.43%,6.8,Quintile 5,12.6
772,Mexico,2013,23.43%,6.799999999999999,Quintile 1,5.9
773,Mexico,2013,23.43%,6.799999999999999,Quintile 5,12.7
774,Mexico,2013,23.43%,6.799999999999999,Quintile 1,5.9
775,Mexico,2013,23.43%,6.799999999999999,Quintile 5,12.7
776,Mexico,2014,23.43%,6.800000000000001,Quintile 1,6.0
777,Mexico,2014,23.43%,6.800000000000001,Quintile 5,12.8
778,Mexico,2014,23.43%,6.800000000000001,Quintile 1,6.0
779,Mexico,2014,23.43%,6.800000000000001,Quintile 5,12.8
780,Mexico,2015,23.43%,6.7,Quintile 1,6.2
781,Mexico,2015,23.43%,6.7,Quintile 5,12.9
782,Mexico,2015,23.43%,6.7,Quintile 1,6.2
783,Mexico,2015,23.43%,6.7,Quintile 5,12.9
784,Mexico,2016,23.43%,6.6,Quintile 1,6.5
785,Mexico,2016,23.43%,6.6,Quintile 5,13.1
786,Mexico,2016,23.43%,6.6,Quintile 1,6.5
787,Mexico,2016,23.43%,6.6,Quintile 5,13.1
788,Mexico,2017,23.43%,6.4,Quintile 1,6.6
789,Mexico,2017,23.43%,6.4,Quintile 5,13.0
790,Mexico,2017,23.43%,6.4,Quintile 1,6.6
791,Mexico,2017,23.43%,6.4,Quintile 5,13.0
792,Mexico,2018,23.43%,6.1000000000000005,Quintile 1,6.8
793,Mexico,2018,23.43%,6.1000000000000005,Quintile 5,12.9
794,Mexico,2018,23.43%,6.1000000000000005,Quintile 1,6.8
795,Mexico,2018,23.43%,6.1000000000000005,Quintile 5,12.9
796,Mexico,2019,23.43%,5.9,Quintile 1,7.1
797,Mexico,2019,23.43%,5.9,Quintile 5,13.0
798,Mexico,2019,23.43%,5.9,Quintile 1,7.1
799,Mexico,2019,23.43%,5.9,Quintile 5,13.0
800,Panama,2000,11.52%,7.1,Quintile 1,6.1
801,Panama,2000,11.52%,7.1,Quintile 5,13.2
802,Panama,2000,11.52%,7.1,Quintile 1,6.1
803,Panama,2000,11.52%,7.1,Quintile 5,13.2
804,Panama,2001,11.52%,7.3999999999999995,Quintile 1,5.3
805,Panama,2001,11.52%,7.3999999999999995,Quintile 5,12.7
806,Panama,2001,11.52%,7.3999999999999995,Quintile 1,5.3
807,Panama,2001,11.52%,7.3999999999999995,Quintile 5,12.7
808,Panama,2002,11.52%,7.6,Quintile 1,5.4
809,Panama,2002,11.52%,7.6,Quintile 5,13.0
810,Panama,2002,11.52%,7.6,Quintile 1,5.4
811,Panama,2002,11.52%,7.6,Quintile 5,13.0
812,Panama,2003,11.52%,7.699999999999999,Quintile 1,5.5
813,Panama,2003,11.52%,7.699999999999999,Quintile 5,13.2
814,Panama,2003,11.52%,7.699999999999999,Quintile 1,5.5
815,Panama,2003,11.52%,7.699999999999999,Quintile 5,13.2
816,Panama,2004,11.52%,7.7,Quintile 1,5.7
817,Panama,2004,11.52%,7.7,Quintile 5,13.4
818,Panama,2004,11.52%,7.7,Quintile 1,5.7
819,Panama,2004,11.52%,7.7,Quintile 5,13.4
820,Panama,2005,11.52%,7.6000000000000005,Quintile 1,5.7
821,Panama,2005,11.52%,7.6000000000000005,Quintile 5,13.3
822,Panama,2005,11.52%,7.6000000000000005,Quintile 1,5.7
823,Panama,2005,11.52%,7.6000000000000005,Quintile 5,13.3
824,Panama,2006,11.52%,7.7,Quintile 1,5.7
825,Panama,2006,11.52%,7.7,Quintile 5,13.4
826,Panama,2006,11.52%,7.7,Quintile 1,5.7
827,Panama,2006,11.52%,7.7,Quintile 5,13.4
828,Panama,2007,11.52%,7.800000000000001,Quintile 1,5.6
829,Panama,2007,11.52%,7.800000000000001,Quintile 5,13.4
830,Panama,2007,11.52%,7.800000000000001,Quintile 1,5.6
831,Panama,2007,11.52%,7.800000000000001,Quintile 5,13.4
832,Panama,2008,11.52%,7.8,Quintile 1,5.8
833,Panama,2008,11.52%,7.8,Quintile 5,13.6
834,Panama,2008,11.52%,7.8,Quintile 1,5.8
835,Panama,2008,11.52%,7.8,Quintile 5,13.6
836,Panama,2009,11.52%,7.8999999999999995,Quintile 1,5.8
837,Panama,2009,11.52%,7.8999999999999995,Quintile 5,13.7
838,Panama,2009,11.52%,7.8999999999999995,Quintile 1,5.8
839,Panama,2009,11.52%,7.8999999999999995,Quintile 5,13.7
840,Panama,2010,11.52%,7.8999999999999995,Quintile 1,5.8
841,Panama,2010,11.52%,7.8999999999999995,Quintile 5,13.7
842,Panama,2010,11.52%,7.8999999999999995,Quintile 1,5.8
843,Panama,2010,11.52%,7.8999999999999995,Quintile 5,13.7
844,Panama,2011,11.52%,8.299999999999999,Quintile 1,5.9
845,Panama,2011,11.52%,8.299999999999999,Quintile 5,14.2
846,Panama,2011,11.52%,8.299999999999999,Quintile 1,5.9
847,Panama,2011,11.52%,8.299999999999999,Quintile 5,14.2
848,Panama,2012,11.52%,8.600000000000001,Quintile 1,5.8
849,Panama,2012,11.52%,8.600000000000001,Quintile 5,14.4
850,Panama,2012,11.52%,8.600000000000001,Quintile 1,5.8
851,Panama,2012,11.52%,8.600000000000001,Quintile 5,14.4
852,Panama,2013,11.52%,8.9,Quintile 1,5.5
853,Panama,2013,11.52%,8.9,Quintile 5,14.4
854,Panama,2013,11.52%,8.9,Quintile 1,5.5
855,Panama,2013,11.52%,8.9,Quintile 5,14.4
856,Panama,2014,11.52%,8.7,Quintile 1,5.7
857,Panama,2014,11.52%,8.7,Quintile 5,14.4
858,Panama,2014,11.52%,8.7,Quintile 1,5.7
859,Panama,2014,11.52%,8.7,Quintile 5,14.4
860,Panama,2015,11.52%,8.5,Quintile 1,6.0
861,Panama,2015,11.52%,8.5,Quintile 5,14.5
862,Panama,2015,11.52%,8.5,Quintile 1,6.0
863,Panama,2015,11.52%,8.5,Quintile 5,14.5
864,Panama,2016,11.52%,8.7,Quintile 1,5.9
865,Panama,2016,11.52%,8.7,Quintile 5,14.6
866,Panama,2016,11.52%,8.7,Quintile 1,5.9
867,Panama,2016,11.52%,8.7,Quintile 5,14.6
868,Panama,2017,11.52%,7.8,Quintile 1,6.7
869,Panama,2017,11.52%,7.8,Quintile 5,14.5
870,Panama,2017,11.52%,7.8,Quintile 1,6.7
871,Panama,2017,11.52%,7.8,Quintile 5,14.5
872,Panama,2018,11.52%,7.9,Quintile 1,6.6
873,Panama,2018,11.52%,7.9,Quintile 5,14.5
874,Panama,2018,11.52%,7.9,Quintile 1,6.6
875,Panama,2018,11.52%,7.9,Quintile 5,14.5
876,Panama,2019,11.52%,7.8,Quintile 1,6.8
877,Panama,2019,11.52%,7.8,Quintile 5,14.6
878,Panama,2019,11.52%,7.8,Quintile 1,6.8
879,Panama,2019,11.52%,7.8,Quintile 5,14.6
880,Paraguay,2000,7.81%,6.6,Quintile 1,3.9
881,Paraguay,2000,7.81%,6.6,Quintile 5,10.5
882,Paraguay,2000,7.81%,6.6,Quintile 1,3.9
883,Paraguay,2000,7.81%,6.6,Quintile 5,10.5
884,Paraguay,2001,7.81%,6.800000000000001,Quintile 1,4.0
885,Paraguay,2001,7.81%,6.800000000000001,Quintile 5,10.8
886,Paraguay,2001,7.81%,6.800000000000001,Quintile 1,4.0
887,Paraguay,2001,7.81%,6.800000000000001,Quintile 5,10.8
888,Paraguay,2002,7.81%,5.799999999999999,Quintile 1,4.4
889,Paraguay,2002,7.81%,5.799999999999999,Quintile 5,10.2
890,Paraguay,2002,7.81%,5.799999999999999,Quintile 1,4.4
891,Paraguay,2002,7.81%,5.799999999999999,Quintile 5,10.2
892,Paraguay,2003,7.81%,6.300000000000001,Quintile 1,4.5
893,Paraguay,2003,7.81%,6.300000000000001,Quintile 5,10.8
894,Paraguay,2003,7.81%,6.300000000000001,Quintile 1,4.5
895,Paraguay,2003,7.81%,6.300000000000001,Quintile 5,10.8
896,Paraguay,2004,7.81%,5.8999999999999995,Quintile 1,4.7
897,Paraguay,2004,7.81%,5.8999999999999995,Quintile 5,10.6
898,Paraguay,2004,7.81%,5.8999999999999995,Quintile 1,4.7
899,Paraguay,2004,7.81%,5.8999999999999995,Quintile 5,10.6
900,Paraguay,2005,7.81%,6.699999999999999,Quintile 1,4.9
901,Paraguay,2005,7.81%,6.699999999999999,Quintile 5,11.6
902,Paraguay,2005,7.81%,6.699999999999999,Quintile 1,4.9
903,Paraguay,2005,7.81%,6.699999999999999,Quintile 5,11.6
904,Paraguay,2006,7.81%,6.9,Quintile 1,4.5
905,Paraguay,2006,7.81%,6.9,Quintile 5,11.4
906,Paraguay,2006,7.81%,6.9,Quintile 1,4.5
907,Paraguay,2006,7.81%,6.9,Quintile 5,11.4
908,Paraguay,2007,7.81%,6.1,Quintile 1,5.1
909,Paraguay,2007,7.81%,6.1,Quintile 5,11.2
910,Paraguay,2007,7.81%,6.1,Quintile 1,5.1
911,Paraguay,2007,7.81%,6.1,Quintile 5,11.2
912,Paraguay,2008,7.81%,6.800000000000001,Quintile 1,5.0
913,Paraguay,2008,7.81%,6.800000000000001,Quintile 5,11.8
914,Paraguay,2008,7.81%,6.800000000000001,Quintile 1,5.0
915,Paraguay,2008,7.81%,6.800000000000001,Quintile 5,11.8
916,Paraguay,2009,7.81%,6.2,Quintile 1,5.2
917,Paraguay,2009,7.81%,6.2,Quintile 5,11.4
918,Paraguay,2009,7.81%,6.2,Quintile 1,5.2
919,Paraguay,2009,7.81%,6.2,Quintile 5,11.4
920,Paraguay,2010,7.81%,6.6,Quintile 1,5.0
921,Paraguay,2010,7.81%,6.6,Quintile 5,11.6
922,Paraguay,2010,7.81%,6.6,Quintile 1,5.0
923,Paraguay,2010,7.81%,6.6,Quintile 5,11.6
924,Paraguay,2011,7.81%,6.7,Quintile 1,5.2
925,Paraguay,2011,7.81%,6.7,Quintile 5,11.9
926,Paraguay,2011,7.81%,6.7,Quintile 1,5.2
927,Paraguay,2011,7.81%,6.7,Quintile 5,11.9
928,Paraguay,2012,7.81%,6.9,Quintile 1,5.1
929,Paraguay,2012,7.81%,6.9,Quintile 5,12.0
930,Paraguay,2012,7.81%,6.9,Quintile 1,5.1
931,Paraguay,2012,7.81%,6.9,Quintile 5,12.0
932,Paraguay,2013,7.81%,7.0,Quintile 1,5.5
933,Paraguay,2013,7.81%,7.0,Quintile 5,12.5
934,Paraguay,2013,7.81%,7.0,Quintile 1,5.5
935,Paraguay,2013,7.81%,7.0,Quintile 5,12.5
936,Paraguay,2014,7.81%,6.800000000000001,Quintile 1,5.5
937,Paraguay,2014,7.81%,6.800000000000001,Quintile 5,12.3
938,Paraguay,2014,7.81%,6.800000000000001,Quintile 1,5.5
939,Paraguay,2014,7.81%,6.800000000000001,Quintile 5,12.3
940,Paraguay,2015,7.81%,7.1000000000000005,Quintile 1,5.7
941,Paraguay,2015,7.81%,7.1000000000000005,Quintile 5,12.8
942,Paraguay,2015,7.81%,7.1000000000000005,Quintile 1,5.7
943,Paraguay,2015,7.81%,7.1000000000000005,Quintile 5,12.8
944,Paraguay,2016,7.81%,7.0,Quintile 1,5.6
945,Paraguay,2016,7.81%,7.0,Quintile 5,12.6
946,Paraguay,2016,7.81%,7.0,Quintile 1,5.6
947,Paraguay,2016,7.81%,7.0,Quintile 5,12.6
948,Paraguay,2017,7.81%,6.8999999999999995,Quintile 1,5.8
949,Paraguay,2017,7.81%,6.8999999999999995,Quintile 5,12.7
950,Paraguay,2017,7.81%,6.8999999999999995,Quintile 1,5.8
951,Paraguay,2017,7.81%,6.8999999999999995,Quintile 5,12.7
952,Paraguay,2018,7.81%,7.3,Quintile 1,5.7
953,Paraguay,2018,7.81%,7.3,Quintile 5,13.0
954,Paraguay,2018,7.81%,7.3,Quintile 1,5.7
955,Paraguay,2018,7.81%,7.3,Quintile 5,13.0
956,Paraguay,2019,7.81%,7.200000000000001,Quintile 1,6.1
957,Paraguay,2019,7.81%,7.200000000000001,Quintile 5,13.3
958,Paraguay,2019,7.81%,7.200000000000001,Quintile 1,6.1
959,Paraguay,2019,7.81%,7.200000000000001,Quintile 5,13.3
960,Peru,2000,4.76%,7.800000000000001,Quintile 1,4.0
961,Peru,2000,4.76%,7.800000000000001,Quintile 5,11.8
962,Peru,2000,4.76%,7.800000000000001,Quintile 1,4.0
963,Peru,2000,4.76%,7.800000000000001,Quintile 5,11.8
964,Peru,2001,4.76%,7.6000000000000005,Quintile 1,4.3
965,Peru,2001,4.76%,7.6000000000000005,Quintile 5,11.9
966,Peru,2001,4.76%,7.6000000000000005,Quintile 1,4.3
967,Peru,2001,4.76%,7.6000000000000005,Quintile 5,11.9
968,Peru,2002,4.76%,8.200000000000001,Quintile 1,4.1
969,Peru,2002,4.76%,8.200000000000001,Quintile 5,12.3
970,Peru,2002,4.76%,8.200000000000001,Quintile 1,4.1
971,Peru,2002,4.76%,8.200000000000001,Quintile 5,12.3
972,Peru,2003,4.76%,7.8,Quintile 1,4.2
973,Peru,2003,4.76%,7.8,Quintile 5,12.0
974,Peru,2003,4.76%,7.8,Quintile 1,4.2
975,Peru,2003,4.76%,7.8,Quintile 5,12.0
976,Peru,2004,4.76%,7.799999999999999,Quintile 1,4.4
977,Peru,2004,4.76%,7.799999999999999,Quintile 5,12.2
978,Peru,2004,4.76%,7.799999999999999,Quintile 1,4.4
979,Peru,2004,4.76%,7.799999999999999,Quintile 5,12.2
980,Peru,2005,4.76%,7.699999999999999,Quintile 1,4.5
981,Peru,2005,4.76%,7.699999999999999,Quintile 5,12.2
982,Peru,2005,4.76%,7.699999999999999,Quintile 1,4.5
983,Peru,2005,4.76%,7.699999999999999,Quintile 5,12.2
984,Peru,2006,4.76%,8.0,Quintile 1,4.5
985,Peru,2006,4.76%,8.0,Quintile 5,12.5
986,Peru,2006,4.76%,8.0,Quintile 1,4.5
987,Peru,2006,4.76%,8.0,Quintile 5,12.5
988,Peru,2007,4.76%,7.8999999999999995,Quintile 1,4.8
989,Peru,2007,4.76%,7.8999999999999995,Quintile 5,12.7
990,Peru,2007,4.76%,7.8999999999999995,Quintile 1,4.8
991,Peru,2007,4.76%,7.8999999999999995,Quintile 5,12.7
992,Peru,2008,4.76%,7.6,Quintile 1,5.0
993,Peru,2008,4.76%,7.6,Quintile 5,12.6
994,Peru,2008,4.76%,7.6,Quintile 1,5.0
995,Peru,2008,4.76%,7.6,Quintile 5,12.6
996,Peru,2009,4.76%,7.3999999999999995,Quintile 1,5.2
997,Peru,2009,4.76%,7.3999999999999995,Quintile 5,12.6
998,Peru,2009,4.76%,7.3999999999999995,Quintile 1,5.2
999,Peru,2009,4.76%,7.3999999999999995,Quintile 5,12.6
1000,Peru,2010,4.76%,7.1,Quintile 1,5.4
1001,Peru,2010,4.76%,7.1,Quintile 5,12.5
1002,Peru,2010,4.76%,7.1,Quintile 1,5.4
1003,Peru,2010,4.76%,7.1,Quintile 5,12.5
1004,Peru,2011,4.76%,7.0,Quintile 1,5.4
1005,Peru,2011,4.76%,7.0,Quintile 5,12.4
1006,Peru,2011,4.76%,7.0,Quintile 1,5.4
1007,Peru,2011,4.76%,7.0,Quintile 5,12.4
1008,Peru,2012,4.76%,7.199999999999999,Quintile 1,5.5
1009,Peru,2012,4.76%,7.199999999999999,Quintile 5,12.7
1010,Peru,2012,4.76%,7.199999999999999,Quintile 1,5.5
1011,Peru,2012,4.76%,7.199999999999999,Quintile 5,12.7
1012,Peru,2013,4.76%,7.1,Quintile 1,5.5
1013,Peru,2013,4.76%,7.1,Quintile 5,12.6
1014,Peru,2013,4.76%,7.1,Quintile 1,5.5
1015,Peru,2013,4.76%,7.1,Quintile 5,12.6
1016,Peru,2014,4.76%,6.8999999999999995,Quintile 1,5.7
1017,Peru,2014,4.76%,6.8999999999999995,Quintile 5,12.6
1018,Peru,2014,4.76%,6.8999999999999995,Quintile 1,5.7
1019,Peru,2014,4.76%,6.8999999999999995,Quintile 5,12.6
1020,Peru,2015,4.76%,6.8999999999999995,Quintile 1,5.8
1021,Peru,2015,4.76%,6.8999999999999995,Quintile 5,12.7
1022,Peru,2015,4.76%,6.8999999999999995,Quintile 1,5.8
1023,Peru,2015,4.76%,6.8999999999999995,Quintile 5,12.7
1024,Peru,2016,4.76%,7.1000000000000005,Quintile 1,5.7
1025,Peru,2016,4.76%,7.1000000000000005,Quintile 5,12.8
1026,Peru,2016,4.76%,7.1000000000000005,Quintile 1,5.7
1027,Peru,2016,4.76%,7.1000000000000005,Quintile 5,12.8
1028,Peru,2017,4.76%,7.1000000000000005,Quintile 1,5.8
1029,Peru,2017,4.76%,7.1000000000000005,Quintile 5,12.9
1030,Peru,2017,4.76%,7.1000000000000005,Quintile 1,5.8
1031,Peru,2017,4.76%,7.1000000000000005,Quintile 5,12.9
1032,Peru,2018,4.76%,6.800000000000001,Quintile 1,6.1
1033,Peru,2018,4.76%,6.800000000000001,Quintile 5,12.9
1034,Peru,2018,4.76%,6.800000000000001,Quintile 1,6.1
1035,Peru,2018,4.76%,6.800000000000001,Quintile 5,12.9
1036,Peru,2019,4.76%,6.7,Quintile 1,6.3
1037,Peru,2019,4.76%,6.7,Quintile 5,13.0
1038,Peru,2019,4.76%,6.7,Quintile 1,6.3
1039,Peru,2019,4.76%,6.7,Quintile 5,13.0
1040,Uruguay,2000,21.49%,5.0,Quintile 1,6.4
1041,Uruguay,2000,21.49%,5.0,Quintile 5,11.4
1042,Uruguay,2000,21.49%,5.0,Quintile 1,6.4
1043,Uruguay,2000,21.49%,5.0,Quintile 5,11.4
1044,Uruguay,2001,21.49%,5.8999999999999995,Quintile 1,6.8
1045,Uruguay,2001,21.49%,5.8999999999999995,Quintile 5,12.7
1046,Uruguay,2001,21.49%,5.8999999999999995,Quintile 1,6.8
1047,Uruguay,2001,21.49%,5.8999999999999995,Quintile 5,12.7
1048,Uruguay,2002,21.49%,5.9,Quintile 1,6.9
1049,Uruguay,2002,21.49%,5.9,Quintile 5,12.8
1050,Uruguay,2002,21.49%,5.9,Quintile 1,6.9
1051,Uruguay,2002,21.49%,5.9,Quintile 5,12.8
1052,Uruguay,2003,21.49%,5.800000000000001,Quintile 1,7.1
1053,Uruguay,2003,21.49%,5.800000000000001,Quintile 5,12.9
1054,Uruguay,2003,21.49%,5.800000000000001,Quintile 1,7.1
1055,Uruguay,2003,21.49%,5.800000000000001,Quintile 5,12.9
1056,Uruguay,2004,21.49%,6.1,Quintile 1,7.1
1057,Uruguay,2004,21.49%,6.1,Quintile 5,13.2
1058,Uruguay,2004,21.49%,6.1,Quintile 1,7.1
1059,Uruguay,2004,21.49%,6.1,Quintile 5,13.2
1060,Uruguay,2005,21.49%,6.1,Quintile 1,7.1
1061,Uruguay,2005,21.49%,6.1,Quintile 5,13.2
1062,Uruguay,2005,21.49%,6.1,Quintile 1,7.1
1063,Uruguay,2005,21.49%,6.1,Quintile 5,13.2
1064,Uruguay,2006,21.49%,6.1,Quintile 1,6.9
1065,Uruguay,2006,21.49%,6.1,Quintile 5,13.0
1066,Uruguay,2006,21.49%,6.1,Quintile 1,6.9
1067,Uruguay,2006,21.49%,6.1,Quintile 5,13.0
1068,Uruguay,2007,21.49%,6.1000000000000005,Quintile 1,6.7
1069,Uruguay,2007,21.49%,6.1000000000000005,Quintile 5,12.8
1070,Uruguay,2007,21.49%,6.1000000000000005,Quintile 1,6.7
1071,Uruguay,2007,21.49%,6.1000000000000005,Quintile 5,12.8
1072,Uruguay,2008,21.49%,6.1000000000000005,Quintile 1,6.7
1073,Uruguay,2008,21.49%,6.1000000000000005,Quintile 5,12.8
1074,Uruguay,2008,21.49%,6.1000000000000005,Quintile 1,6.7
1075,Uruguay,2008,21.49%,6.1000000000000005,Quintile 5,12.8
1076,Uruguay,2009,21.49%,6.3,Quintile 1,6.7
1077,Uruguay,2009,21.49%,6.3,Quintile 5,13.0
1078,Uruguay,2009,21.49%,6.3,Quintile 1,6.7
1079,Uruguay,2009,21.49%,6.3,Quintile 5,13.0
1080,Uruguay,2010,21.49%,6.1000000000000005,Quintile 1,6.8
1081,Uruguay,2010,21.49%,6.1000000000000005,Quintile 5,12.9
1082,Uruguay,2010,21.49%,6.1000000000000005,Quintile 1,6.8
1083,Uruguay,2010,21.49%,6.1000000000000005,Quintile 5,12.9
1084,Uruguay,2011,21.49%,6.300000000000001,Quintile 1,7.0
1085,Uruguay,2011,21.49%,6.300000000000001,Quintile 5,13.3
1086,Uruguay,2011,21.49%,6.300000000000001,Quintile 1,7.0
1087,Uruguay,2011,21.49%,6.300000000000001,Quintile 5,13.3
1088,Uruguay,2012,21.49%,6.1,Quintile 1,7.1
1089,Uruguay,2012,21.49%,6.1,Quintile 5,13.2
1090,Uruguay,2012,21.49%,6.1,Quintile 1,7.1
1091,Uruguay,2012,21.49%,6.1,Quintile 5,13.2
1092,Uruguay,2013,21.49%,6.300000000000001,Quintile 1,7.0
1093,Uruguay,2013,21.49%,6.300000000000001,Quintile 5,13.3
1094,Uruguay,2013,21.49%,6.300000000000001,Quintile 1,7.0
1095,Uruguay,2013,21.49%,6.300000000000001,Quintile 5,13.3
1096,Uruguay,2014,21.49%,6.200000000000001,Quintile 1,7.1
1097,Uruguay,2014,21.49%,6.200000000000001,Quintile 5,13.3
1098,Uruguay,2014,21.49%,6.200000000000001,Quintile 1,7.1
1099,Uruguay,2014,21.49%,6.200000000000001,Quintile 5,13.3
1100,Uruguay,2015,21.49%,6.2,Quintile 1,7.2
1101,Uruguay,2015,21.49%,6.2,Quintile 5,13.4
1102,Uruguay,2015,21.49%,6.2,Quintile 1,7.2
1103,Uruguay,2015,21.49%,6.2,Quintile 5,13.4
1104,Uruguay,2016,21.49%,6.2,Quintile 1,7.2
1105,Uruguay,2016,21.49%,6.2,Quintile 5,13.4
1106,Uruguay,2016,21.49%,6.2,Quintile 1,7.2
1107,Uruguay,2016,21.49%,6.2,Quintile 5,13.4
1108,Uruguay,2017,21.49%,6.3,Quintile 1,7.3
1109,Uruguay,2017,21.49%,6.3,Quintile 5,13.6
1110,Uruguay,2017,21.49%,6.3,Quintile 1,7.3
1111,Uruguay,2017,21.49%,6.3,Quintile 5,13.6
1112,Uruguay,2018,21.49%,6.199999999999999,Quintile 1,7.5
1113,Uruguay,2018,21.49%,6.199999999999999,Quintile 5,13.7
1114,Uruguay,2018,21.49%,6.199999999999999,Quintile 1,7.5
1115,Uruguay,2018,21.49%,6.199999999999999,Quintile 5,13.7
1116,Uruguay,2019,21.49%,6.199999999999999,Quintile 1,7.5
1117,Uruguay,2019,21.49%,6.199999999999999,Quintile 5,13.7
1118,Uruguay,2019,21.49%,6.199999999999999,Quintile 1,7.5
1119,Uruguay,2019,21.49%,6.199999999999999,Quintile 5,13.7
